{"MiSuko": {"Bayard": false, "Behemoth": false, "Cerberus": false, "Fenrir": false, "Fafnir": false, "Garuda": false, "Golem": false, "Griffin": false, "Hydra": false, "Ifrit": false, "Kamaitachi": false, "LordofLava": false, "Minotaur": false, "Nian": false, "Peryton": false, "Phoenix": false, "Pumpkin": false, "Turtle": false, "Viking": false, "Warlord": false, "Witch": false, "Ymir": true}, "Duvida": {"Bayard": true, "Behemoth": true, "Cerberus": false, "Fenrir": false, "Fafnir": true, "Garuda": true, "Golem": false, "Griffin": false, "Hydra": false, "Ifrit": true, "Kamaitachi": true, "LordofLava": false, "Minotaur": false, "Nian": false, "Peryton": false, "Phoenix": true, "Pumpkin": false, "Turtle": false, "Viking": false, "Warlord": true, "Witch": false, "Ymir": true}}