{"Duvida": {"Bayard": true, "Behemoth": true, "Cerberus": true, "Fenrir": false, "Fafnir": true, "Garuda": false, "Golem": false, "Griffin": false, "Hydra": true, "Ifrit": true, "Kamaitachi": true, "LordofLava": false, "Minotaur": false, "Nian": false, "Peryton": false, "Phoenix": true, "Pumpkin": false, "Turtle": false, "Viking": true, "Warlord": true, "Witch": false, "Ymir": false}, "Davina": {"Bayard": false, "Behemoth": false, "Cerberus": false, "Fenrir": false, "Fafnir": false, "Garuda": false, "Golem": false, "Griffin": false, "Hydra": false, "Ifrit": false, "Kamaitachi": false, "LordofLava": false, "Minotaur": false, "Nian": false, "Peryton": false, "Phoenix": false, "Pumpkin": false, "Turtle": false, "Viking": true, "Warlord": false, "Witch": false, "Ymir": false}}