{
    "Bayard": [74, 80, 3],
    "Behemoth": [76, 71, 3],
    "Cerberus": [68, 74, 3],
    "Fenrir": [75, 88, 3],
    "Fafnir": [77, 78, 3],
    "Garuda": [72, 65, 3],
    "Golem": [71, 77, 3],
    "Griffin": [69, 70, 3],
    "Hydra": [82, 77, 3],
    "Ifrit": [67, 78, 3],
    "Kamaitachi": [81, 88, 3],
    "LordofLava": [70, 75, 3],
    "Manticore": [83, 82, 3],
    "Minotaur": [70, 75, 3],
    "Peryton": [67, 80, 3],
    "Phoenix": [83, 82, 3],
    "Pumpkin": [68, 76, 3],
    "Turtle": [53, 75, 3],
    "Viking": [68, 66, 3],
    "Warlord": [76, 79, 3],
    "Witch": [73, 88, 3],
    "Zombie": [78, 78, 3] 
}