{"player1": 
    {"Bayard": false, "Behemoth": false, "Cerberus": false, "Fenrir": false, "Fafnir": false, "Garuda": false, "Golem": false, "Griffin": false, "Hydra": false, "Ifrit": false, "Kamaitachi": false, "LordofLava": false, "Minotaur": false, "Nian": false, "Peryton": false, "Phoenix": false, "Pumpkin": false, "Turtle": false, "Viking": false, "Warlord": false, "Witch": false, "Ymir": false}, 
"player2": 
{"Bayard": false, "Behemoth": false, "Cerberus": false, "Fenrir": false, "Fafnir": false, "Garuda": false, "Golem": false, "Griffin": false, "Hydra": false, "Ifrit": false, "Kamaitachi": false, "LordofLava": false, "Minotaur": false, "Nian": false, "Peryton": false, "Phoenix": false, "Pumpkin": false, "Turtle": false, "Viking": false, "Warlord": false, "Witch": false, "Ymir": false}
}